Datetime,Water Level (m)
2025-07-08 12:00:00,0.29704988
2025-07-08 13:00:00,0.30371016
2025-07-08 14:00:00,0.4638431
2025-07-08 15:00:00,0.6539351
2025-07-08 16:00:00,0.77934444
2025-07-08 17:00:00,0.88109285
2025-07-08 18:00:00,0.8975511
2025-07-08 19:00:00,0.8001082
2025-07-08 20:00:00,0.6003533
2025-07-08 21:00:00,0.41823992
2025-07-08 22:00:00,0.2945701
2025-07-08 23:00:00,0.22630769
2025-07-09 00:00:00,0.1975564
2025-07-09 01:00:00,0.2960679
2025-07-09 02:00:00,0.61008084
2025-07-09 03:00:00,0.8613068
2025-07-09 04:00:00,1.078948
2025-07-09 05:00:00,1.2491902
2025-07-09 06:00:00,1.3404182
2025-07-09 07:00:00,1.3365735
2025-07-09 08:00:00,1.2074908
2025-07-09 09:00:00,0.984715
2025-07-09 10:00:00,0.82874167
2025-07-09 11:00:00,0.71145564
2025-07-09 12:00:00,0.59753937
2025-07-09 13:00:00,0.48654786
2025-07-09 14:00:00,0.4325392
2025-07-09 15:00:00,0.5612581
2025-07-09 16:00:00,0.79420036
2025-07-09 17:00:00,0.94717926
2025-07-09 18:00:00,1.0462942
2025-07-09 19:00:00,1.0206912
2025-07-09 20:00:00,0.82883114
2025-07-09 21:00:00,0.5891888
2025-07-09 22:00:00,0.42286325
2025-07-09 23:00:00,0.30720955
2025-07-10 00:00:00,0.21650398
2025-07-10 01:00:00,0.14999698
2025-07-10 02:00:00,0.20344463
2025-07-10 03:00:00,0.56019145
2025-07-10 04:00:00,0.85352296
2025-07-10 05:00:00,1.1037779
2025-07-10 06:00:00,1.3219373
2025-07-10 07:00:00,1.4012998
2025-07-10 08:00:00,1.3437797
2025-07-10 09:00:00,1.1189146
2025-07-10 10:00:00,0.89827776
2025-07-10 11:00:00,0.747923
2025-07-10 12:00:00,0.62107843
2025-07-10 13:00:00,0.5028844
2025-07-10 14:00:00,0.40109405
2025-07-10 15:00:00,0.38156423
2025-07-10 16:00:00,0.60268337
2025-07-10 17:00:00,0.8487583
2025-07-10 18:00:00,0.9971431
2025-07-10 19:00:00,1.0909903
2025-07-10 20:00:00,1.0054362
2025-07-10 21:00:00,0.7428231
2025-07-10 22:00:00,0.5065525
2025-07-10 23:00:00,0.33871427
2025-07-11 00:00:00,0.21592401
2025-07-11 01:00:00,0.10587353
2025-07-11 02:00:00,0.028490571
2025-07-11 03:00:00,0.12365796
2025-07-11 04:00:00,0.5454843
2025-07-11 05:00:00,0.84477913
2025-07-11 06:00:00,1.1195927
2025-07-11 07:00:00,1.3249485
2025-07-11 08:00:00,1.3671869
2025-07-11 09:00:00,1.2231979
2025-07-11 10:00:00,0.9453445
2025-07-11 11:00:00,0.7554015
2025-07-11 12:00:00,0.6053341
2025-07-11 13:00:00,0.4784601
2025-07-11 14:00:00,0.34828585
2025-07-11 15:00:00,0.24194886
2025-07-11 16:00:00,0.2885055
2025-07-11 17:00:00,0.6194545
2025-07-11 18:00:00,0.8504163
2025-07-11 19:00:00,1.0100273
2025-07-11 20:00:00,1.0688816
2025-07-11 21:00:00,0.9105978
2025-07-11 22:00:00,0.6336768
2025-07-11 23:00:00,0.42363152
2025-07-12 00:00:00,0.2756623
2025-07-12 01:00:00,0.1599379
2025-07-12 02:00:00,0.052272215
2025-07-12 03:00:00,-0.0036025438
2025-07-12 04:00:00,0.26212612
2025-07-12 05:00:00,0.69505477
2025-07-12 06:00:00,0.99106497
2025-07-12 07:00:00,1.2953445
2025-07-12 08:00:00,1.4433701
2025-07-12 09:00:00,1.4169757
2025-07-12 10:00:00,1.1727455
2025-07-12 11:00:00,0.91006637
2025-07-12 12:00:00,0.73809296
2025-07-12 13:00:00,0.59342384
2025-07-12 14:00:00,0.46104667
2025-07-12 15:00:00,0.3305533
2025-07-12 16:00:00,0.2465194
2025-07-12 17:00:00,0.4346768
2025-07-12 18:00:00,0.777809
2025-07-12 19:00:00,0.9894168
2025-07-12 20:00:00,1.1544006
2025-07-12 21:00:00,1.1299207
2025-07-12 22:00:00,0.8849488
2025-07-12 23:00:00,0.6220155
2025-07-13 00:00:00,0.44124287
2025-07-13 01:00:00,0.31198484
2025-07-13 02:00:00,0.1966861
2025-07-13 03:00:00,0.10124059
2025-07-13 04:00:00,0.102343924
2025-07-13 05:00:00,0.5344335
2025-07-13 06:00:00,0.92039603
2025-07-13 07:00:00,1.21904
2025-07-13 08:00:00,1.4741733
2025-07-13 09:00:00,1.5309316
2025-07-13 10:00:00,1.3891611
2025-07-13 11:00:00,1.0849733
2025-07-13 12:00:00,0.8666359
2025-07-13 13:00:00,0.69637436
2025-07-13 14:00:00,0.5629547
2025-07-13 15:00:00,0.42556536
2025-07-13 16:00:00,0.3026993
2025-07-13 17:00:00,0.29071656
2025-07-13 18:00:00,0.6288395
2025-07-13 19:00:00,0.93331015
2025-07-13 20:00:00,1.1412852
2025-07-13 21:00:00,1.2737459
2025-07-13 22:00:00,1.1782917
2025-07-13 23:00:00,0.8964524
2025-07-14 00:00:00,0.66325796
2025-07-14 01:00:00,0.50975615
2025-07-14 02:00:00,0.38806602
2025-07-14 03:00:00,0.27653643
2025-07-14 04:00:00,0.19883616
2025-07-14 05:00:00,0.3188968
2025-07-14 06:00:00,0.79885685
2025-07-14 07:00:00,1.1228229
2025-07-14 08:00:00,1.4063755
2025-07-14 09:00:00,1.5845795
2025-07-14 10:00:00,1.5592281
2025-07-14 11:00:00,1.3062961
2025-07-14 12:00:00,1.01256
