Datetime,Water Level (m)
2025-07-08 12:00:00,0.24643585
2025-07-08 13:00:00,0.5530671
2025-07-08 14:00:00,0.83947825
2025-07-08 15:00:00,0.9942426
2025-07-08 16:00:00,1.0176921
2025-07-08 17:00:00,0.90770197
2025-07-08 18:00:00,0.6614014
2025-07-08 19:00:00,0.3974634
2025-07-08 20:00:00,0.15154813
2025-07-08 21:00:00,-0.031465802
2025-07-08 22:00:00,-0.14526616
2025-07-08 23:00:00,-0.06880781
2025-07-09 00:00:00,0.3155267
2025-07-09 01:00:00,0.7034622
2025-07-09 02:00:00,1.0911375
2025-07-09 03:00:00,1.3278434
2025-07-09 04:00:00,1.4397503
2025-07-09 05:00:00,1.4434108
2025-07-09 06:00:00,1.2812846
2025-07-09 07:00:00,0.972253
2025-07-09 08:00:00,0.6617557
2025-07-09 09:00:00,0.40803665
2025-07-09 10:00:00,0.20961098
2025-07-09 11:00:00,0.070463054
2025-07-09 12:00:00,0.07352328
2025-07-09 13:00:00,0.39894545
2025-07-09 14:00:00,0.77030087
2025-07-09 15:00:00,1.0556508
2025-07-09 16:00:00,1.1710787
2025-07-09 17:00:00,1.1157044
2025-07-09 18:00:00,0.9084551
2025-07-09 19:00:00,0.62072545
2025-07-09 20:00:00,0.33800155
2025-07-09 21:00:00,0.10055164
2025-07-09 22:00:00,-0.09190586
2025-07-09 23:00:00,-0.21927673
2025-07-10 00:00:00,-0.15634064
2025-07-10 01:00:00,0.30227298
2025-07-10 02:00:00,0.7562073
2025-07-10 03:00:00,1.1834029
2025-07-10 04:00:00,1.4389982
2025-07-10 05:00:00,1.5326349
2025-07-10 06:00:00,1.4611927
2025-07-10 07:00:00,1.1808208
2025-07-10 08:00:00,0.8417107
2025-07-10 09:00:00,0.5257397
2025-07-10 10:00:00,0.284863
2025-07-10 11:00:00,0.084566645
2025-07-10 12:00:00,-0.032921966
2025-07-10 13:00:00,0.03943179
2025-07-10 14:00:00,0.46447176
2025-07-10 15:00:00,0.8428212
2025-07-10 16:00:00,1.1269524
2025-07-10 17:00:00,1.2133341
2025-07-10 18:00:00,1.1095567
2025-07-10 19:00:00,0.83151186
2025-07-10 20:00:00,0.51166934
2025-07-10 21:00:00,0.21091579
2025-07-10 22:00:00,-0.02994258
2025-07-10 23:00:00,-0.2265498
2025-07-11 00:00:00,-0.34806302
2025-07-11 01:00:00,-0.19357052
2025-07-11 02:00:00,0.36994284
2025-07-11 03:00:00,0.8367504
2025-07-11 04:00:00,1.2600977
2025-07-11 05:00:00,1.4873917
2025-07-11 06:00:00,1.5283244
2025-07-11 07:00:00,1.3524151
2025-07-11 08:00:00,0.9888289
2025-07-11 09:00:00,0.6290014
2025-07-11 10:00:00,0.3280076
2025-07-11 11:00:00,0.089879334
2025-07-11 12:00:00,-0.1031287
2025-07-11 13:00:00,-0.20953508
2025-07-11 14:00:00,-0.005433845
2025-07-11 15:00:00,0.5517538
2025-07-11 16:00:00,0.9311286
2025-07-11 17:00:00,1.1930515
2025-07-11 18:00:00,1.2147342
2025-07-11 19:00:00,1.0378987
2025-07-11 20:00:00,0.7073797
2025-07-11 21:00:00,0.3786547
2025-07-11 22:00:00,0.095361926
2025-07-11 23:00:00,-0.12450844
2025-07-12 00:00:00,-0.3044068
2025-07-12 01:00:00,-0.37745717
2025-07-12 02:00:00,-0.01874822
2025-07-12 03:00:00,0.5525367
2025-07-12 04:00:00,1.0668663
2025-07-12 05:00:00,1.4622651
2025-07-12 06:00:00,1.6242656
2025-07-12 07:00:00,1.5804917
2025-07-12 08:00:00,1.268168
2025-07-12 09:00:00,0.88289946
2025-07-12 10:00:00,0.52655476
2025-07-12 11:00:00,0.2521508
2025-07-12 12:00:00,0.021058924
2025-07-12 13:00:00,-0.15904711
2025-07-12 14:00:00,-0.20941804
2025-07-12 15:00:00,0.22967172
2025-07-12 16:00:00,0.74110186
2025-07-12 17:00:00,1.1278259
2025-07-12 18:00:00,1.3186839
2025-07-12 19:00:00,1.2655522
2025-07-12 20:00:00,0.9929981
2025-07-12 21:00:00,0.6395892
2025-07-12 22:00:00,0.30454475
2025-07-12 23:00:00,0.047200277
2025-07-13 00:00:00,-0.16386871
2025-07-13 01:00:00,-0.32088083
2025-07-13 02:00:00,-0.30719584
2025-07-13 03:00:00,0.2517465
2025-07-13 04:00:00,0.7893259
2025-07-13 05:00:00,1.3058696
2025-07-13 06:00:00,1.6179241
2025-07-13 07:00:00,1.6993659
2025-07-13 08:00:00,1.5263097
2025-07-13 09:00:00,1.1294266
2025-07-13 10:00:00,0.75668025
2025-07-13 11:00:00,0.42960015
2025-07-13 12:00:00,0.17624155
2025-07-13 13:00:00,-0.048572
2025-07-13 14:00:00,-0.19293724
2025-07-13 15:00:00,-0.097211644
2025-07-13 16:00:00,0.52502036
2025-07-13 17:00:00,0.9553706
2025-07-13 18:00:00,1.3117301
2025-07-13 19:00:00,1.4155098
2025-07-13 20:00:00,1.2952354
2025-07-13 21:00:00,0.96721613
2025-07-13 22:00:00,0.6205625
2025-07-13 23:00:00,0.3035356
2025-07-14 00:00:00,0.0675077
2025-07-14 01:00:00,-0.12942713
2025-07-14 02:00:00,-0.2496353
2025-07-14 03:00:00,-0.08884998
2025-07-14 04:00:00,0.55383587
2025-07-14 05:00:00,1.0941045
2025-07-14 06:00:00,1.5403953
2025-07-14 07:00:00,1.7374288
2025-07-14 08:00:00,1.7049135
2025-07-14 09:00:00,1.407188
2025-07-14 10:00:00,1.006044
2025-07-14 11:00:00,0.63615507
2025-07-14 12:00:00,0.34009206
